{"cameraMode":{"drawMode":0,"name":"Shaded","section":"Shading Mode"},"sceneLighting":false,"audioPlay":false,"sceneViewState":{"showFog":true,"showMaterialUpdate":false,"showSkybox":true,"showFlares":true,"showImageEffects":true,"showParticleSystems":true},"in2DMode":false,"pivot":{"x":17.64999771118164,"y":0.19999980926513673,"z":0.0},"rotation":{"x":0.21222835779190064,"y":-0.09131265431642533,"z":0.019922146573662759,"w":0.9727405905723572},"size":92.875244140625,"orthographic":false}